iso3,name,capital,region,income_level,latitude,longitude,population,population_density,area_km2,urban_pct,gdp_usd,gdp_per_capita_usd,gdp_growth_pct,inflation_pct,unemployment_pct,life_expectancy_years,internet_users_pct
ABW,Aruba,Oranjestad,Latin America & Caribbean ,High income,12.5167,-70.0167,107995,596.438888888889,180,61.7909396819594,4167588070.29217,38590.5650288641,6.81077669324554,4.25746204335427,,76.5,
AFG,Afghanistan,Kabul,"Middle East, North Africa, Afghanistan & Pakistan",Low income,34.5228,69.1761,42647492,63.5585008355948,652870,25.7007352636188,17778508875.7396,416.871146273728,1.87319280045979,-6.60118564073726,13.687,66.289,16.09499931
AGO,Angola,Luanda,Sub-Saharan Africa ,Lower middle income,-8.81155,13.242,37885849,29.4777460495709,1246700,70.6551379036435,103080538044.058,2720.81900669715,4.95267860425956,28.2404948915772,14.02,64.805,40.70479965
ALB,Albania,Tirane,Europe & Central Asia,Upper middle income,41.3317,19.8172,2377128,88.0167153284672,28750,58.5463634043555,27037474263.2977,11374.0085781236,4.04592845095348,2.21587375089992,10.689,79.776,85.86389923
AND,Andorra,Andorra la Vella,Europe & Central Asia,High income,42.5075,1.5218,81938,172.034042553191,470,88.8850044816278,4044249678.65625,49357.437070178,3.8491605039052,,,84.188,94.39759827
ARE,United Arab Emirates,Abu Dhabi,"Middle East, North Africa, Afghanistan & Pakistan",High income,24.4764,54.3705,10986400,147.616882568291,98647.9,85.8171088279791,552324919095.872,50273.5126243239,3.99181200361831,1.66336510224894,2.16,83.069,100
ARG,Argentina,Buenos Aires,Latin America & Caribbean ,Upper middle income,-34.6118,-58.4173,45696159,16.6399559321662,2780400,92.2742315972952,638365455340.04,13969.7836603737,-1.34293072157739,219.883929014578,7.15,77.543,89.66715228
ARM,Armenia,Yerevan,Europe & Central Asia,Upper middle income,40.1596,44.509,3033500,105.119108748259,29740,65.8113671449901,25955275380.0321,8556.21406956719,5.90000000046228,0.269511978259125,12.405,78.319512195122,81.33930206
ASM,American Samoa,Pago Pago,East Asia & Pacific,High income,-14.2846,-170.691,46765,237.605,200,80.9446986961818,871000000,18017.4589383973,1.73501577287065,,,72.992,
ATG,Antigua and Barbuda,Saint John's,Latin America & Caribbean ,High income,17.1175,-61.8456,93772,212.081818181818,440,24.3906919254799,2162366666.66667,23059.8330702839,2.54044193946544,6.19886698842116,,77.766,72.73040009
AUS,Australia,Canberra,East Asia & Pacific,High income,-35.282,149.129,27194286,3.46591948538875,7741220,87.6021469990446,1757022451652.83,64609.9865116088,1.37340773365975,3.16656665428797,3.942,83.0512195121951,96.13140106
AUT,Austria,Vienna,Europe & Central Asia,High income,48.2201,16.3798,9177982,110.661185167232,83879,69.4658181096788,534790720466.822,58268.8787651601,-0.659089573171372,2.93791574279376,5.2,81.9951219512195,94.91974877
AZE,Azerbaijan,Baku,Europe & Central Asia,Upper middle income,40.3834,49.8932,10202830,122.854906231095,86600,58.573795837717,74426000000,7294.64276088105,4.15806800428062,2.21217188919901,5.648,74.576,90.43979645
BDI,Burundi,Bujumbura,Sub-Saharan Africa ,Low income,-3.3784,29.3639,14047786,533.078271028037,27830,24.8302838651025,3037579858.38142,216.231928531758,4.11227376394912,20.2124925027847,0.915,63.818,8.595999718
BEL,Belgium,Brussels,Europe & Central Asia,High income,50.8371,4.36761,11858610,386.303731881682,30689,87.6126557010527,670983130618.828,56581.9375642531,1.09775383828703,3.14349136500041,5.7,82.3,95.77579144
BEN,Benin,Porto-Novo,Sub-Saharan Africa ,Lower middle income,6.4779,2.6323,14462724,125.142195814118,114760,52.5455354818423,21482643706.4249,1485.38018885134,7.45311566226201,1.16093089640415,1.637,60.961,33.98379898
BFA,Burkina Faso,Ouagadougou,Sub-Saharan Africa ,Low income,12.3605,-1.53395,23548781,84.1585380116959,274200,28.3352514896662,23136514855.7646,982.493100418428,4.83395810163883,4.19081721344523,3.441,61.292,28.25270081
BGD,Bangladesh,Dhaka,South Asia,Lower middle income,23.7055,90.4113,173562364,1319.17979689183,147570,32.6783196323307,450119432068.852,2593.41611680774,4.22325911250161,10.4657482763412,3.635,74.93,53.42171316
BGR,Bulgaria,Sofia,Europe & Central Asia,High income,42.7105,23.3238,6441421,59.3827929255711,110996.758,73.9499356882481,113349149166.793,17596.9167621233,3.38708962009333,2.44651943006079,4.2,75.7609756097561,82.438955
BHR,Bahrain,Manama,"Middle East, North Africa, Afghanistan & Pakistan",High income,26.1921,50.5354,1588670,1971.32375,800,100,47210732712.766,29717.1424605273,2.89710543153512,0.919635459817651,1.084,81.423,100
BHS,"Bahamas, The",Nassau,Latin America & Caribbean ,High income,25.0661,-77.339,401283,39.9040959040959,13880,81.3249262966481,15832800000,39455.4466548546,3.37866553336166,0.409162489083286,9.049,74.71,92.47270203
BIH,Bosnia and Herzegovina,Sarajevo,Europe & Central Asia,Upper middle income,43.8607,18.4214,3164253,62.20845703125,51210,52.1224302754935,29737363103.0492,9397.90942855997,3.22679979810856,6.1059011284828,10.69,78.044,86.10091103
BLR,Belarus,Minsk,Europe & Central Asia,Upper middle income,53.9678,27.5766,9132629,45.217077292187,207629,79.1551015210848,78591839299.7087,8605.60954569694,4.34999638140579,5.78531910428005,3.458,74.3653414634147,94.26182128
BLZ,Belize,Belmopan,Latin America & Caribbean ,Upper middle income,17.2534,-88.7713,417072,18.0230600613766,22966,41.7532107338224,3203631800,7681.24400583113,3.50466435023895,3.28955985952768,8.698,73.739,80.00582262
BMU,Bermuda,Hamilton,North America,High income,32.3293,-64.706,64636,1198.11111111111,4290,100,9194499000,142250.433195123,1.88822861970388,,,82.49,
BOL,Bolivia,La Paz,Latin America & Caribbean ,Lower middle income,-13.9908,-66.1936,12413315,11.3026483891812,1098580,71.2361453773988,54881327452.9667,4421.16609889999,-1.12335595517212,5.09976568317427,3.274,68.739,79.70469666
BRA,Brazil,Brasilia,Latin America & Caribbean ,Upper middle income,-15.7801,-47.9292,211998573,25.2616884857157,8510420,87.8958549533146,2185821610689.31,10310.5486973693,3.41931516501906,4.36746407652337,6.801,76.023,84.46347227
BRB,Barbados,Bridgetown,Latin America & Caribbean ,High income,13.0935,-59.6105,282467,656.595348837209,430,59.5397032429174,7597571450,26897.2002039176,3.3669492581395,1.4464366430616,6.448,76.332,70.36470032
BRN,Brunei Darussalam,Bandar Seri Begawan,East Asia & Pacific,High income,4.94199,114.946,462721,87.0870967741936,5770,74.8983133873697,15340808592.48,33153.4738913513,4.05251709306727,-0.388674165036461,5.18,75.501,96.29828801
BTN,Bhutan,Thimphu,South Asia,Lower middle income,27.5768,89.6177,791524,20.6183796539067,38390,42.5645249803412,3346603858.7495,4228.05102403654,7.49856206754038,2.76131569624098,3.282,73.262,91.27739716
BWA,Botswana,Gaborone,Sub-Saharan Africa ,Upper middle income,-24.6544,25.9201,2521139,4.37641204806522,581730,67.4623537838418,19286251067.5078,7649.81663744354,-2.77988981666252,2.81835131676251,23.81,69.293,57.45950036
CAF,Central African Republic,Bangui,Sub-Saharan Africa ,Low income,5.63056,21.6407,5330690,8.27060419275097,622980,44.1243555638904,2751494281.06887,516.160999996036,1.49999999847535,1.47733600718744,6.253,57.671,13.78250027
CAN,Canada,Ottawa,North America,High income,45.4215,-75.6919,41262329,4.5568841808231,15634410,82.7002565766633,2270076189683.46,55015.7066917734,2.04626605401701,2.38158383281173,6.351,82.1080487804878,94.353302
CHE,Switzerland,Bern,Europe & Central Asia,High income,46.948,7.44821,9005582,224.978619136651,41290.7,85.4615370020764,969919786394.884,107702.065940312,1.39033363875791,1.06234041976595,4.343,84.4073170731707,97.3443985
CHI,Channel Islands,,Europe & Central Asia,High income,,,168126,842.126262626263,198,32.7056211227456,12507320838.3932,74585.5224096294,3.71500590367266,,6.031,81.2,
CHL,Chile,Santiago,Latin America & Caribbean ,High income,-33.475,-70.6475,19764771,26.4647249005172,757244.88,88.9950908479196,329260633698.726,16658.9652720351,2.80512637106611,4.29763891572524,8.718,81.359,95.590243
CHN,China,Beijing,East Asia & Pacific,Upper middle income,40.0495,116.286,1408975000,150.264001337848,9562910,65.8946980998325,18729668435848,13293.1162269366,4.95830378788091,0.218128938439177,4.59,78.017,92
CIV,Cote d'Ivoire,Yamoussoukro,Sub-Saharan Africa ,Lower middle income,5.332,-4.0305,31934230,98.0052012578616,322460,53.9733113940142,87113179149.284,2727.8935220697,6.0195346193922,3.45053028131019,2.273,62.11,41.43219902
CMR,Cameroon,Yaounde,Sub-Saharan Africa ,Lower middle income,3.8721,11.5174,29123744,60.0213386642973,475440,55.4031748609078,53296694320.2057,1830.00833684727,3.52472308052245,4.53331349711606,3.603,63.968,46.25880051
COD,"Congo, Dem. Rep.",Kinshasa,Sub-Saharan Africa ,Low income,-4.325,15.3222,109276265,46.6640484329856,2344860,44.7455804408753,75716176105.0704,692.887665085098,6.1025294442863,,4.421,62.074,19.67350006
COG,"Congo, Rep.",Brazzaville,Sub-Saharan Africa ,Lower middle income,-4.2767,15.2662,6332961,18.1050805270864,342000,63.8866111699904,15719986076.6464,2482.2489948456,2.09998918002519,3.09143630919166,19.895,66.001,47.25159836
COL,Colombia,Bogota,Latin America & Caribbean ,Upper middle income,4.60987,-74.082,52886363,47.1574150518251,1140619.1,78.5210811866115,420504033143.211,7951.08624019412,1.49330728771066,6.60908593728228,9.619,77.913,79.34543299
COM,Comoros,Moroni,Sub-Saharan Africa ,Lower middle income,-11.6986,43.2418,866628,456.951638903815,1861,33.5392215673301,1610082688.26617,1857.87060684189,3.30071498500033,5.05192609588218,3.815,67.023,32.51750183
CPV,Cabo Verde,Praia,Sub-Saharan Africa ,Upper middle income,14.9218,-23.5087,524877,129.610669975186,4030,76.7721471004354,2713721857.39153,5170.20531932535,6.98888280991075,1.04817001091965,11.883,76.224,74.73519897
CRI,Costa Rica,San Jose,Latin America & Caribbean ,High income,9.63701,-84.0089,5129910,99.9906972189581,51100,79.3107672397967,96715644330.6612,18853.2828705886,4.08292444182048,-0.412853001047069,6.936,80.996,87.17019653
CUB,Cuba,Havana,Latin America & Caribbean ,Upper middle income,23.1333,-82.3667,10979783,106.165038535645,109880,77.1664929228275,107352000000,9605.27914559614,-1.06173273220524,,1.755,78.264,70.47699738
CUW,Curacao,Willemstad,Latin America & Caribbean ,High income,,,155967,348.31981981982,444,91.4321812441765,3561178212.2905,22832.895498987,5.02690015475606,2.62220783425059,,76.989,
CYM,Cayman Islands,George Town,Latin America & Caribbean ,High income,19.3022,-81.3857,74457,304.325,264,100,7765336505.34319,104292.900672109,3.75641197192778,,,80.54,
CYP,Cyprus,Nicosia,Europe & Central Asia,High income,35.1676,33.3736,1358282,145.560173160173,9250,66.6824259192483,37634551820.7367,38674.3125,3.94076934447787,1.80023018624824,4.9,81.821,89.60099246
CZE,Czechia,Prague,Europe & Central Asia,High income,50.0878,14.4205,10905028,140.785547662605,78871.43,72.7947984592185,347082562221.377,31827.7552539413,1.25131096245923,2.43531202435314,2.6,79.9780487804878,87.68776014
DEU,Germany,Berlin,Europe & Central Asia,High income,52.5235,13.4115,83516593,238.351810090719,357680,82.0211432579125,4685592577804.69,56103.7323182554,-0.495851897260366,2.2564981433876,3.4,80.7926829268293,93.49999579
DJI,Djibouti,Djibouti,"Middle East, North Africa, Afghanistan & Pakistan",Lower middle income,11.5806,43.1425,1168722,49.7387402933563,23200,72.9052635052978,4152145939.98458,3552.72335079222,6.98048467276334,2.1120116728497,26.007,66.202,65.29889679
DMA,Dominica,Roseau,Latin America & Caribbean ,Upper middle income,15.2976,-61.39,66205,88.68,750,73.5449839980866,688881481.481481,10405.2787777582,2.052738472526,2.73620751873313,,71.294,82.04689789
DNK,Denmark,Copenhagen,Europe & Central Asia,High income,55.6763,12.5681,5976992,148.6738,42920,88.6960552688405,424524722037.047,71026.4832271897,3.47783593140312,1.37220049768926,5.358,82.2536585365854,99.76915157
DOM,Dominican Republic,Santo Domingo,Latin America & Caribbean ,Upper middle income,18.479,-69.8908,11427557,235.098143035751,146839.46,72.4121874752151,124282245638.568,10875.6618443092,4.95352204492849,3.30223338951227,5.312,73.868,91.0022446
DZA,Algeria,Algiers,"Middle East, North Africa, Afghanistan & Pakistan",Upper middle income,36.7397,3.05097,46814308,19.3825602290762,2381740,75.2792907190618,269322281664.773,5752.99076651465,3.69999999907979,4.04611455313434,11.655,76.475,77.4178009
ECU,Ecuador,Quito,Latin America & Caribbean ,Upper middle income,-0.229498,-78.5243,18135478,72.3952448059269,256370,63.2376932397602,123802374000,6826.5294137822,-1.94409022506859,1.54732515615369,3.453,77.579,77.17273115
EGY,"Egypt, Arab Rep.",Cairo,"Middle East, North Africa, Afghanistan & Pakistan",Lower middle income,30.0982,31.2461,116538258,115.059291777588,1001450,42.8004363938404,389059910593.1,3338.47371043679,2.3991692678251,28.2705899322083,6.817,71.806,74.64839935
ERI,Eritrea,Asmara,Sub-Saharan Africa ,Low income,15.3315,38.9183,3535603,28.638732049164,121765.8,34.5365524291992,,,,,5.947,68.893,14.34939957
ESP,Spain,Madrid,Europe & Central Asia,High income,40.4167,-3.70327,48848840,96.7636173412149,505975.98,80.315199821207,1725671652742.19,35326.7683069278,3.45525405630191,2.747147886618,11.4,83.8878048780488,95.7574516
EST,Estonia,Tallinn,Europe & Central Asia,High income,59.4392,24.7586,1372341,32.0684764802247,45340,70.6981161541961,43130419829.35,31428.3547816104,-0.0900428648493801,3.5194118998392,7.6,79.2951219512195,92.23796204
ETH,Ethiopia,Addis Ababa,Sub-Saharan Africa ,Low income,9.02274,38.7468,132059767,114.037952012,1136239.7,23.6222839355469,149740297952.375,1133.88279681256,7.61277447616879,21.0377460577711,3.357,67.603,21.94129944
FIN,Finland,Helsinki,Europe & Central Asia,High income,60.1608,24.9525,5619911,18.3705454665088,338480,74.2637190463636,298729432711.719,53155.5451165897,0.374566568538427,1.56568906231616,8.4,82.3365853658537,93.72405196
FJI,Fiji,Suva,East Asia & Pacific,Upper middle income,-18.1149,178.399,928784,50.5826491516147,18270,59.0766602292457,5968125909.27126,6425.74151715712,3.53085896076352,3.89084237884105,5.361,67.463,74.7052002
FRA,France,Paris,Europe & Central Asia,High income,48.8566,2.35097,68551653,126.862020595603,606410,78.7999750964116,3160442622465.08,46103.0840855884,1.19046798275883,1.99904942291463,7.4,82.9804878048781,88.65381638
FRO,Faroe Islands,Torshavn,Europe & Central Asia,High income,61.8926,-6.91181,54640,39.7065693430657,12960,39.4132325882965,4052937169.76536,74175.2776311377,0.843716851362103,,,83.0832463414634,
FSM,"Micronesia, Fed. Sts.",Palikir,East Asia & Pacific,Upper middle income,6.91771,158.185,113160,160.9,700,22.4562830235421,481121300,4251.69052668788,2.30132923576443,5.40874375479067,,67.357,39.52360153
GAB,Gabon,Libreville,Sub-Saharan Africa ,Upper middle income,0.38832,9.45162,2538952,9.64329956921644,267670,91.8632094677575,20895684425.6752,8230.04311451151,3.39403899521831,1.17311998381218,20.091,68.511,68.72090149
GBR,United Kingdom,London,Europe & Central Asia,High income,51.5002,-0.126236,69281000,283.247220270326,243610,83.2429544416085,3695539513534.15,53341.3131094262,1.08027716858781,3.2715729463592,4.361,81.3868536585366,95.4720993
GEO,Georgia,Tbilisi,Europe & Central Asia,Upper middle income,41.71,44.793,3812518,65.0037265124742,69700,61.0789605093733,34189423333.141,8967.67525638987,9.67979379712661,1.10971758022096,11.557,74.657,83.79855689
GHA,Ghana,Accra,Sub-Saharan Africa ,Lower middle income,5.57045,-0.20795,34427414,148.49676310689,238539,58.3654868038581,83288585604.0268,2419.2518672482,5.84746854280382,22.8483281157842,2.82,65.695,72.17569733
GIB,Gibraltar,,Europe & Central Asia,High income,,,39329,3847.1,10,100,,,,,,83.63,
GIN,Guinea,Conakry,Sub-Saharan Africa ,Lower middle income,9.51667,-13.7,14754785,58.6255412664822,245860,38.0713036688655,25008678293.4073,1694.95375862185,5.35004659049265,8.12313914948596,5.132,60.904,33.30469894
GMB,"Gambia, The",Banjul,Sub-Saharan Africa ,Low income,13.4495,-16.5885,2759988,266.5854743083,11300,64.2994103409645,2404888737.54853,871.340287547821,5.55126065805138,11.5610532897511,6.48,66.057,49.49430084
GNB,Guinea-Bissau,Bissau,Sub-Saharan Africa ,Low income,11.8037,-15.1804,2201352,76.5767780938834,36130,46.113204421822,2197777209.94218,998.376093392688,4.40920107183611,3.76555825770114,2.647,64.254,29.77739906
GNQ,Equatorial Guinea,Malabo,Sub-Saharan Africa ,Upper middle income,3.7523,8.7741,1892516,65.8662745098039,28050,71.3574028749806,13254388261.1258,7003.58055684906,0.39622552095193,2.92140227309103,8.293,63.906,63.29930115
GRC,Greece,Athens,Europe & Central Asia,High income,37.9792,23.7166,10405134,80.7397284716835,131960,78.9967856500534,256238371778.118,24626.1481858973,2.0865743380603,2.74101875679486,10.02,81.8390243902439,86.26968886
GRD,Grenada,Saint George's,Latin America & Caribbean ,Upper middle income,12.0653,-61.7449,117207,344.355882352941,340,36.5628000454229,1351270370.37037,11528.9220811928,2.3996478454327,1.08615365134737,,75.367,70.16159821
GRL,Greenland,Nuuk,Europe & Central Asia,High income,64.1836,-51.7214,56836,0.138543062492386,410450,88.3195347935238,3326543974.39193,58498.9707973609,0.865961986998158,,,70.2734146341463,
GTM,Guatemala,Guatemala City,Latin America & Caribbean ,Upper middle income,14.6248,-90.5328,18406359,169.138092571855,108890,55.9547027274763,113215575150.885,6150.89465281457,3.71558453779777,2.86992752918294,2.613,72.746,60.22140121
GUM,Guam,Agana,East Asia & Pacific,High income,13.4443,144.794,167777,308.344444444444,540,94.1726346571831,6910000000,41833.1517132825,5.09986426216793,,5.252,77.422,
GUY,Guyana,Georgetown,Latin America & Caribbean ,High income,6.80461,-58.1548,831087,3.91376811594203,214970,26.477717988557,24662714628.2974,29675.2501582835,43.8192726391966,2.90379501424778,11.874,70.319,83.00080109
HKG,"Hong Kong SAR, China",,East Asia & Pacific,High income,22.3964,114.109,7524100,7177.2380952381,1110,100,408368682415.423,54274.7547767073,2.62936861207362,1.72972119105914,2.988,85.3926829268293,95.75536971
HND,Honduras,Tegucigalpa,Latin America & Caribbean ,Lower middle income,15.1333,-87.4667,10825703,95.1367503798373,112490,58.7850728104829,36980171442.0603,3415.96027916712,3.63240745450875,4.60621098127101,4.91,73.044,58.62269974
HRV,Croatia,Zagreb,Europe & Central Asia,High income,45.8069,15.9614,3866200,68.9722301644031,88070,57.5158981711443,92981894167.9687,24049.9441746337,3.82578440126859,2.97200477643626,5,78.9292682926829,83.63240029
HTI,Haiti,Port-au-Prince,Latin America & Caribbean ,Lower middle income,18.5392,-72.3288,11772557,422.256821480406,27750,55.0372652481002,24255657481.2502,2060.35591768638,-4.18495104762965,26.9490564091987,14.609,65.119,47.8614006
HUN,Hungary,Budapest,Europe & Central Asia,High income,47.4984,19.0408,9562065,105.108327854482,93030,70.491825943218,222848211034.367,23305.4482514359,0.709070599066038,3.70370370370369,4.5,76.7243902439025,93.77898628
IDN,Indonesia,Jakarta,East Asia & Pacific,Upper middle income,-6.19752,106.83,283487931,148.57692229227,1916906.77,58.7509635387997,1396301788461.69,4925.43644992666,5.03257477088519,2.18151273615189,3.301,71.288,72.78075544
IMN,Isle of Man,Douglas,Europe & Central Asia,High income,54.1509,-4.47928,84160,147.657894736842,570,52.1633405796294,7576129932.79381,90015.2074234398,-2.03524496955581,,,81.091,
IND,India,New Delhi,South Asia,Lower middle income,28.6353,77.225,1450935791,483.679010086809,3287260,35.3788972368389,3760813470500.86,2591.9916607122,7.09927893176518,4.95303550973661,4.173,72.235,64.9434967
IRL,Ireland,Dublin,Europe & Central Asia,High income,53.3441,-6.26749,5395790,77.1017273914937,70280,64.3470379255585,609157459747.205,112894.953240805,2.59946721553708,2.11344999577317,4.3,83.009756097561,97.18769836
IRN,"Iran, Islamic Rep.",Tehran,"Middle East, North Africa, Afghanistan & Pakistan",Upper middle income,35.6878,51.4447,91567738,55.8451198767334,1745150,77.0201263427734,475252089215.416,5190.16959024821,3.66312057949303,32.455871402917,8.146,77.854,85.3404007
IRQ,Iraq,Baghdad,"Middle East, North Africa, Afghanistan & Pakistan",Upper middle income,33.3302,44.394,46042015,103.826155759795,435050,69.8861494108913,279641257615.385,6073.61032342708,-1.54525198319173,2.6116961151764,15.293,72.424,81.47450256
ISL,Iceland,Reykjavik,Europe & Central Asia,High income,64.1353,-21.8952,386506,3.82488346722206,103000,94.1819039916522,33186621855.0053,85863.1479330343,-1.2828764442695,5.85683849970072,3.6,82.809756097561,98.209198
ISR,Israel,,"Middle East, North Africa, Afghanistan & Pakistan",High income,31.7717,35.2035,10002200,455.129390018484,22070,91.536188843818,542284494490.778,54216.5218142787,0.953618469238535,3.07480889805025,3.595,83.1975609756098,88.18242225
ITA,Italy,Rome,Europe & Central Asia,High income,41.8955,12.4823,58952704,199.459678073854,302070,69.6047535143071,2383435562458.12,40429.6224047352,0.783039135276795,0.982373023061417,6.5,83.9512195121951,89.2207202
JAM,Jamaica,Kingston,Latin America & Caribbean ,Upper middle income,17.9927,-76.792,2839175,262.214773776547,10990,58.9301585439922,22014429050.9995,7753.8119527678,-0.535039063867487,5.41194447981659,3.151,71.606,90.10870361
JOR,Jordan,Amman,"Middle East, North Africa, Afghanistan & Pakistan",Upper middle income,31.9497,35.9263,11552876,128.828670856139,89318,92.9501393764286,58618380563.3803,5073.92103605892,2.55605891810194,1.55659611283953,16.693,77.981,95.62244985
JPN,Japan,Tokyo,East Asia & Pacific,High income,35.67,139.77,123975371,341.54455749932,377969.27,92.1901718034531,4190008188358.57,33797.1014287876,-0.240084236041696,2.73853681635241,2.5,84.0363414634146,85.54153081
KAZ,Kazakhstan,Astana,Europe & Central Asia,Upper middle income,51.1879,71.4382,20592571,7.53050487091158,2724902,62.072531584162,291480274648.826,14154.6324958076,4.99999999996936,8.69082156104494,4.833,74.531,93.39167254
KEN,Kenya,Nairobi,Sub-Saharan Africa ,Lower middle income,-1.27975,36.8126,56432944,95.2681371231706,591969,31.8937831721599,120397537849.826,2133.46193404026,4.66019594571891,4.48978854243448,5.487,63.834,34.97622513
KGZ,Kyrgyz Republic,Bishkek,Europe & Central Asia,Lower middle income,42.8851,74.6057,7221868,37.0164233576642,199950,34.7219977865937,18161630698.9052,2514.81066933171,11.5397119406559,4.99760701207323,3.491,72.4,92.0286026
KHM,Cambodia,Phnom Penh,East Asia & Pacific,Lower middle income,11.5556,104.874,17638801,98.7076818490823,181040,40.8727033252729,46352647037.2406,2627.87969756224,6.0158145735202,0.808042016536654,0.254,70.817,68.47530365
KIR,Kiribati,Tarawa,East Asia & Pacific,Lower middle income,1.32905,172.979,134518,163.617283950617,810,62.4620431275642,343153235.077124,2550.98377226188,4.69613259668509,2.45545072159028,,66.6,89.44029999
KNA,St. Kitts and Nevis,Basseterre,Latin America & Caribbean ,High income,17.3,-62.7309,46843,179.838461538462,260,31.795061903951,1122388888.88889,23960.6534357084,0.312226855858171,3.55711230848243,,72.281,76.88400269
KOR,"Korea, Rep.",Seoul,East Asia & Pacific,High income,37.5323,126.957,51751065,529.842407786885,100450,81.1682528469686,1875388209406.8,36238.639908315,2.00361101838986,2.32174328643542,2.784,83.6292682926829,97.89563777
KWT,Kuwait,Kuwait City,"Middle East, North Africa, Afghanistan & Pakistan",High income,29.3721,47.9824,4897263,272.358024691358,17820,100,160903106639.233,32855.7209688827,-1.47401818168846,2.89855072463762,2.151,84.580487804878,99.74729919
LAO,Lao PDR,Vientiane,East Asia & Pacific,Lower middle income,18.5826,102.177,7769819,33.2105415944541,236800,39.5552154401406,16502933121.3379,2123.97909415109,4.13019264438475,23.1305695942588,1.174,69.225,65.59269714
LBN,Lebanon,Beirut,"Middle East, North Africa, Afghanistan & Pakistan",Lower middle income,33.8872,35.5134,5805962,564.368817204301,10450,90.703695784554,25971643441.3408,4473.27134441128,-7.07989192861814,45.2430422716718,10.985,77.945,80.63400269
LBR,Liberia,Monrovia,Sub-Saharan Africa ,Low income,6.30039,-10.7957,5612817,57.0289763289037,111370,55.5387986654968,4779300900,851.497723870206,4.02185464964835,8.21497439118964,2.914,62.324,32.23360062
LBY,Libya,Tripoli,"Middle East, North Africa, Afghanistan & Pakistan",Upper middle income,32.8578,13.1072,7381023,4.15202780272117,1759540,87.8854066107749,48487151215.345,6569.16408678648,1.89995052025442,2.12615766885021,19.085,71.121,81.95449829
LCA,St. Lucia,Castries,Latin America & Caribbean ,Upper middle income,14,-60.9832,179744,293.909836065574,620,29.0973354237452,2605148148.14815,14493.658470648,4.76890217855616,-0.674240853418779,10.199,72.846,68.20500183
LIE,Liechtenstein,Vaduz,Europe & Central Asia,High income,47.1411,9.52148,40450,249.0375,160,14.657584904886,8905764270.4054,220167.225473557,,,,84.2,98.2641983
LKA,Sri Lanka,Colombo,South Asia,Upper middle income,6.92148,79.8528,21916000,356.239896540576,65610,20.2996997058686,99616111265.7633,4545.36006870612,4.99241614398109,-0.42936004906973,4.239,77.672,54.59
LSO,Lesotho,Maseru,Sub-Saharan Africa ,Lower middle income,-29.5208,27.7167,2337423,76.135441370224,30360,43.6780334209246,2391282547.80028,1023.04227681523,5.22503380336101,6.10544624245032,16.34,57.798,51.79660034
LTU,Lithuania,Vilnius,Europe & Central Asia,High income,54.6896,25.2799,2888278,45.87196485623,65290,68.8285833315315,85503938573.5664,29603.7772588256,3.03019543767596,0.715735835228723,6.851,77.1951219512195,89.16116293
LUX,Luxembourg,Luxembourg,Europe & Central Asia,High income,49.61,6.1296,677012,258.862052624628,2590,94.8438702866393,93279851863.4062,137781.681659123,0.358614003982225,2.05113269954859,6.4,83.1951219512195,98.7606147
LVA,Latvia,Riga,Europe & Central Asia,High income,56.9465,24.1048,1866124,30.2701269484172,64590,68.4839492628509,44001275012.6141,23578.9663562625,-0.0370556648288982,1.26579885828729,6.9,76.4292682926829,92.70757011
MAC,"Macao SAR, China",,East Asia & Pacific,High income,22.1667,113.55,687000,20569.696969697,33,100,49467258923.3244,72004.7437020733,7.84960207010525,0.672498598854365,2.262,83.3317073170732,89.82640076
MAF,St. Martin (French part),Marigot,Latin America & Caribbean ,High income,,,26129,550.3,50,100,649206262.847519,21668.3776525323,4.89999967133534,,,80.438,
MAR,Morocco,Rabat,"Middle East, North Africa, Afghanistan & Pakistan",Lower middle income,33.9905,-6.8704,38081173,84.5003473000224,446550,62.7998124018197,160610994054.734,4153.1943359375,3.79336515978963,0.985256592004507,9.103,75.493,91.2
MCO,Monaco,Monaco,Europe & Central Asia,High income,43.7325,7.41891,38631,18692.8982725528,74.9,100,11125788838.2812,288001.574856495,8.51053758860212,,,86.497,99.04489899
MDA,Moldova,Chisinau,Europe & Central Asia,Upper middle income,47.0167,28.8497,2402306,85.437584732506,33850,43.516471862793,18206842140.7615,7578.90216348853,0.270670455512573,4.67773516007048,1.427,71.332,77.3687973
MDG,Madagascar,Antananarivo,Sub-Saharan Africa ,Low income,-20.4667,45.7167,31964956,53.6196837401169,587295,32.4339893339844,17592832696.1336,550.37875528856,4.32283728087992,7.61335784313723,3.051,63.835,18.67790031
MDV,Maldives,Male,South Asia,Upper middle income,4.1742,73.5109,527799,1765.08053691275,300,41.9982152717385,7061608267.25451,13379.3513577224,3.49440422654285,1.41093527910134,4.278,81.285,85.23999786
MEX,Mexico,Mexico City,Latin America & Caribbean ,Upper middle income,19.427,-99.1276,130861007,66.7402757272564,1957193.9,79.7538805976118,1830489311088.89,13988.0423745241,1.35057631384696,4.72225588452932,2.678,75.264,83.12233799
MHL,Marshall Islands,Majuro,East Asia & Pacific,Upper middle income,7.11046,171.135,37548,215.705555555556,180,78.7325660244112,285000000,7590.28443592202,3.30188679245282,,,67.075,65.915802
MKD,North Macedonia,Skopje,Europe & Central Asia,Upper middle income,42.0024,21.4361,1824359,72.474861221253,25710,62.5645376928533,16951682221.3962,9291.8566035502,2.99373536567732,3.48974086026954,12.265,76.6165853658537,93.6
MLI,Mali,Bamako,Sub-Saharan Africa ,Low income,13.5667,-7.50034,24478595,19.4798572353486,1240190,31.6075621182225,26761281076.7658,1093.2523323649,5.01653579205785,3.2063986409966,2.924,60.675,36.80149841
MLT,Malta,Valletta,"Middle East, North Africa, Afghanistan & Pakistan",High income,35.9042,14.5189,568847,1727.334375,320,95.6546264490509,25042712191.3281,44023.6341078148,6.21275996991034,1.65079469283109,3.1,82.9560975609756,93.86029816
MMR,Myanmar,Naypyidaw,East Asia & Pacific,Lower middle income,21.914,95.9562,54500091,82.9420656687147,676590,30.4499084074136,74068349523.8095,1359.05001560107,-0.97204641363362,8.82506696804558,2.887,67.095,45.4477005
MNE,Montenegro,Podgorica,Europe & Central Asia,Upper middle income,42.4602,19.2595,623525,46.3590334572491,13888,65.5422314706266,8274290505.96367,13270.1824401005,3.16409886329913,3.33675009282281,13.206,77.890243902439,88.88258428
MNG,Mongolia,Ulaanbaatar,East Asia & Pacific,Upper middle income,47.9129,106.937,3524788,2.23365125312889,1564115.75,70.9566040039062,23794540024.5132,6750.6301157724,5.12204539122661,6.1977990165842,5.158,72.3980487804878,85.12349701
MNP,Northern Mariana Islands,Saipan,East Asia & Pacific,High income,15.1935,145.765,44278,98.1369565217391,460,92.0747260922394,1096000000,23785.754590043,16.6427546628408,,,78.947,
MOZ,Mozambique,Maputo,Sub-Saharan Africa ,Low income,-25.9664,32.5713,34631766,42.7721457819375,799380,36.4332337447237,22752244245.473,656.976148587772,2.14892499135355,4.07856834812022,6.668,63.797,20.52729988
MRT,Mauritania,Nouakchott,Sub-Saharan Africa ,Lower middle income,18.2367,-15.9824,5169395,4.87284466867178,1030700,60.6068586411829,10879212033.4823,2104.54260769051,6.3076021190402,2.49164347481972,10.257,68.713,45.77939987
MUS,Mauritius,Port Louis,Sub-Saharan Africa ,Upper middle income,-20.1605,57.4977,1245779,625.261392088132,2010,39.0162147027917,14938055690.3609,11990.9355434317,4.94844235250574,3.6045220384796,5.548,73.7890243902439,73.30793533
MWI,Malawi,Lilongwe,Sub-Saharan Africa ,Low income,-13.9899,33.7703,21655286,223.84898175647,118480,17.268503531213,11311971400.3864,522.365366146003,1.6734340852915,32.1796504225025,5.051,67.561,18.96159935
MYS,Malaysia,Kuala Lumpur,East Asia & Pacific,Upper middle income,3.12433,101.684,35557673,106.913096941105,330411,76.9170296648992,422227005428.688,11874.4273684245,5.10545921024041,1.834100204499,3.846,76.821,98.0206059
NAM,Namibia,Windhoek,Sub-Saharan Africa ,Lower middle income,-22.5648,17.0931,3030131,3.59909023551847,824290,50.4088030252155,13641190683.4641,4501.84849548225,3.77851723267591,4.23903922877036,19.157,67.516,64.87460327
NCL,New Caledonia,Noum'ea,East Asia & Pacific,High income,-22.2677,166.464,292639,15.8572210065646,18580,67.9514695585577,8548919387.12607,29213.1923192946,-13.4999999989747,,10.991,78.921,
NER,Niger,Niamey,Sub-Saharan Africa ,Low income,13.514,2.1073,27032412,20.6519831057077,1267000,18.0497398450803,19729786046.7618,729.856664168989,8.32327058280728,9.07151997725013,0.376,61.433,15.55760002
NGA,Nigeria,Abuja,Sub-Saharan Africa ,Lower middle income,9.05804,7.48906,232679478,250.20910328623,923770,62.9755675573659,252261880140.271,1084.16041805058,4.07106650147703,33.2416590552749,3.045,54.635,41.21139908
NIC,Nicaragua,Managua,Latin America & Caribbean ,Lower middle income,12.1475,-86.2734,6916140,56.702783779292,130370,59.2628402709961,19696311850.3289,2847.87639497305,3.58094495324541,4.62473841057141,4.98,75.1,61.39550018
NLD,Netherlands,Amsterdam,Europe & Central Asia,High income,52.3738,4.89095,17993485,530.950905850906,41540,95.6396517079336,1213936238063.28,67465.3208126875,1.07383137319854,3.34754304219953,3.7,81.9658536585366,97.00679779
NOR,Norway,Oslo,Europe & Central Asia,High income,59.9138,10.7387,5572279,15.1524995195871,624500,83.3293737928469,500886328034.123,89888.9535204758,1.42372134524737,3.14530134431081,4,83.1609756097561,99
NPL,Nepal,Kathmandu,South Asia,Lower middle income,27.6939,85.3157,29651054,207.147638646669,147180,66.772343163029,43298911699.9284,1460.28237984149,3.67787459697703,4.6850965426577,10.5,70.636,46.32189941
NRU,Naoero,Yaren District,East Asia & Pacific,High income,-0.5477,166.920867,11947,593.75,20,100,167833414.846177,14048.163961344,1.44927536231899,,,62.279,83.01170349
NZL,New Zealand,Wellington,East Asia & Pacific,High income,-41.2865,174.776,5290000,19.7485853176864,267710,83.9370658833132,261497198363.906,49432.3626396797,-0.868722371893952,2.92279782301957,4.724,82.009756097561,93.51930237
OMN,Oman,Muscat,"Middle East, North Africa, Afghanistan & Pakistan",High income,23.6105,58.5874,5281538,16.3142778675283,309500,79.4440302814714,107137198699.61,20285.2272765262,1.63163231397978,0.593589236248469,3.203,80.246,95.25174678
PAK,Pakistan,Islamabad,"Middle East, North Africa, Afghanistan & Pakistan",Lower middle income,30.5167,72.8,251269164,321.067474833956,796100,39.1734368360905,371747087751.306,1479.47755241191,3.08176295579301,12.6325318530452,5.492,67.799,57.253
PAN,Panama,Panama City,Latin America & Caribbean ,High income,8.99427,-79.5188,4515577,60.1072930709086,75320,65.9958447685488,86523959100,19161.218843129,2.74784148771307,0.69322555100446,8.451,79.775,72.77149963
PER,Peru,Lima,Latin America & Caribbean ,Upper middle income,-12.0931,-77.0465,34217848,26.44188828125,1285215.6,85.1912729600355,291751523018.903,8526.29665719783,3.5152749274832,2.00770739412712,5.199,77.941,81.95705992
PHL,Philippines,Manila,East Asia & Pacific,Upper middle income,14.5515,121.035,115843670,385.321122178623,300000,55.4520983215477,461671157904.74,3985.29464669706,5.71474526128652,3.21260487006347,2.202,69.946,67.26300914
PLW,Palau,Koror,East Asia & Pacific,High income,7.34194,134.479,17695,38.5369565217391,460,79.2095042878667,321501812.5,18169.0767165866,12.0059720184866,2.23172772921704,,69.383,83.92549896
PNG,Papua New Guinea,Port Moresby,East Asia & Pacific,Lower middle income,-9.47357,147.194,10576502,22.9422669257607,462840,15.4061816403333,30803971189.4102,2912.4914068385,3.88795324667848,0.602403921107917,2.625,66.256,18.81159973
POL,Poland,Warsaw,Europe & Central Asia,High income,52.26,21.02,36559233,119.787615502661,313930,59.9705468695101,917767106146.761,25103.565661423,3.02841630700273,3.79060897630197,2.807,78.409756097561,88.58496367
PRI,Puerto Rico (US),San Juan,Latin America & Caribbean ,High income,18.23,-66,3202521,361.194363021421,8870,94.2539505199436,126029527033.705,39353.2242360643,3.17707554784896,,5.639,81.902,87.29178106
PRK,"Korea, Dem. People's Rep.",Pyongyang,East Asia & Pacific,Low income,39.0319,125.754,26498823,219.402076239515,120540,63.8589748211522,,,,,3.539,73.743,
PRT,Portugal,Lisbon,Europe & Central Asia,High income,38.7072,-9.13552,10694681,115.475189289738,92230,61.3281907341332,313656884870.859,29328.3067415343,2.21459232301109,2.41613187791876,6.5,82.3829268292683,88.48704454
PRY,Paraguay,Asuncion,Latin America & Caribbean ,Upper middle income,-25.3005,-57.6362,6929153,17.282671943072,406752,69.8622585886961,44738819362.3269,6456.60723068562,4.66914577981763,3.83540271728533,5.686,73.982,81.57806793
PSE,West Bank and Gaza,,"Middle East, North Africa, Afghanistan & Pakistan",Lower middle income,,,5289152,857.390041493776,6025,87.1196014117004,16016900000,3028.25481286981,-22.8573273913324,53.6691458303782,24.42,69.213,86.63765334
PYF,French Polynesia,Papeete,East Asia & Pacific,High income,-17.535,-149.57,281807,80.990492653414,3471,61.7191984724331,6323716355.05009,22439.8838746025,1.12638897730247,,11.613,84.192,
QAT,Qatar,Doha,"Middle East, North Africa, Afghanistan & Pakistan",High income,25.2948,51.5082,2857822,231.160313315927,11490,99.3219891728394,216294505494.505,75685.0865779973,3.10963283242745,1.26734310292375,0.13,82.522,98.08540344
ROU,Romania,Bucharest,Europe & Central Asia,High income,44.4479,26.0979,19051804,82.8453668289291,238400,52.1674778928768,382564217988.866,20080.2096215595,0.916003764382594,5.72140574354439,5.4,76.4585365853659,91.29048551
RUS,Russian Federation,Moscow,Europe & Central Asia,High income,55.7558,37.6176,143669648,8.78227219242749,17125190,75.1119136177067,2186462268813.08,14961.8974609375,4.92167966203073,8.43486410496723,2.43,73.4404878048781,94.36495368
RWA,Rwanda,Kigali,Sub-Saharan Africa ,Low income,-1.95325,30.0587,14256567,565.645358735306,26338,29.8849714294083,15111064181.9687,1059.93709298801,7.22717103344534,1.77029240198635,11.331,68.017,31.70330048
SAU,Saudi Arabia,Riyadh,"Middle East, North Africa, Afghanistan & Pakistan",High income,24.6748,46.6977,35300280,15.6779493787476,2149690,84.4554020211443,1254140800000,35527.786181866,2.64893068308965,1.68792112375809,3.518,78.982,100
SDN,Sudan,Khartoum,Sub-Saharan Africa ,Low income,15.5932,32.5363,50448963,26.7895026766595,1878000,34.8673015510839,49672435513.1126,984.607666015625,-13.9643378424022,138.80846024176,7.53,66.521,
SEN,Senegal,Dakar,Sub-Saharan Africa ,Lower middle income,14.7247,-17.4734,18501984,93.8948371682335,196710,55.2368169057304,32169996051.8502,1738.73223822106,6.46220577412338,0.804503298792438,2.788,68.924,60.11780167
SGP,Singapore,Singapore,East Asia & Pacific,High income,1.28941,103.85,6036860,8241.8495821727,728,100,572877260178.427,94896.5621495988,5.3435120192366,2.38951123595017,2.737,83.3463414634146,94.37757178
SLB,Solomon Islands,Honiara,East Asia & Pacific,Lower middle income,-9.42676,159.949,819198,28.581814933905,28900,30.6617188562194,1583964703.75061,1933.55538435227,2.99755987604104,4.32183948388033,1.444,70.694,29.04070091
SLE,Sierra Leone,Freetown,Sub-Saharan Africa ,Low income,8.4821,-13.2134,8642022,117.214075921308,72300,45.3626823156371,6971127234.07241,806.654650274255,4.29322334404611,28.6337500014115,3.103,61.964,25.10499954
SLV,El Salvador,San Salvador,Latin America & Caribbean ,Upper middle income,13.7034,-89.2073,6338193,304.518532818533,21040,75.0674905102199,34879730000,5503.10317151907,2.5904637107794,0.853782292567288,3.261,72.302,66.47769928
SMR,San Marino,San Marino,Europe & Central Asia,High income,43.9322,12.4486,33977,564.333333333333,60,97.1560555881096,2027243193.5116,59871.3288101478,0.401932371532837,1.24216507945569,,85.817,97.35220337
SOM,"Somalia, Fed. Rep.",Mogadishu,Sub-Saharan Africa ,Low income,2.07515,45.3254,19009151,29.2642187649441,637660,54.6176465524521,11967000000,629.538899449007,4.11139335779471,,18.949,58.967,27.94020081
SRB,Serbia,Belgrade,Europe & Central Asia,Upper middle income,44.8024,20.4656,6586476,78.7630277084077,84990,62.3830029804177,90088366320.4062,13677.7794863909,3.94992622592932,4.6705297488997,7.24,75.9682926829268,87.69071294
SSD,South Sudan,Juba,Sub-Saharan Africa ,Low income,4.85,31.6,11943408,18.1719082809805,646883,21.3768190444906,,,,91.4408220769046,12.374,57.738,6.671000004
STP,Sao Tome and Principe,Sao Tome,Sub-Saharan Africa ,Lower middle income,0.20618,6.6071,235536,240.490625,960,68.8710170184884,824992558.045383,3502.6176807171,1.47888850952698,14.3519273571008,9.057,69.905,59.11759949
SUR,Suriname,Paramaribo,Latin America & Caribbean ,Upper middle income,5.8232,-55.1679,634431,3.91810706046897,163820,65.7641857200885,4416775112.72266,6961.78956060258,1.72095749127065,16.2296159130279,7.621,73.757,87.4
SVK,Slovak Republic,Bratislava,Europe & Central Asia,High income,48.1484,17.1073,5422069,112.868968386023,49030,53.1919702985684,140934076532.375,25992.6748502048,1.93867445549446,2.75760909424279,5.3,78.3707317073171,89.82507032
SVN,Slovenia,Ljubljana,Europe & Central Asia,High income,46.0546,14.5044,2127400,105.31480791676,20480,55.7577708405917,72972015197.3859,34301.0318686594,1.73139722479493,1.96562656432505,3.7,82.2853658536585,90.76355487
SWE,Sweden,Stockholm,Europe & Central Asia,High income,59.3327,18.0645,10569709,25.8713678886243,528660,88.8559748346228,604827393488.582,57222.7100565003,1.01779633304398,2.83581658224034,8.4,84.0634146341463,95.52930428
SWZ,Eswatini,Mbabane,Sub-Saharan Africa ,Lower middle income,-26.5225,31.4659,1242822,71.5410465116279,17360,26.2498461258639,4858885840.77236,3909.55892378182,3.03162462475916,2.59801620311077,34.643,64.264,63.40309906
SXM,Sint Maarten (Dutch part),Philipsburg,Latin America & Caribbean ,High income,,,43350,1257.32352941176,34,100,1797836648.04469,41472.5870367865,3.00000089532888,,,76.528,
SYC,Seychelles,Victoria,Sub-Saharan Africa ,High income,-4.6309,55.4466,121354,260.376086956522,460,45.2898622460415,2228608684.29911,18364.5259678223,3.34667429007052,0.311726050919668,,76.2951219512195,87.81800079
SYR,Syrian Arab Republic,Damascus,"Middle East, North Africa, Afghanistan & Pakistan",Low income,33.5146,36.3119,24672760,128.490023416653,185180,72.0761345758254,23737634644.3994,1056.78264718197,-0.20247264200475,13.4175653228571,13.359,72.56,33.77000046
TCA,Turks and Caicos Islands,Grand Turk,Latin America & Caribbean ,High income,21.4602778,-71.141389,46535,48.6294736842105,950,94.1670917861964,1745378000,37506.7798431288,5.63682517443362,,,78.181,
TCD,Chad,N'Djamena,Sub-Saharan Africa ,Low income,12.1048,15.0445,20299123,15.342331639136,1284000,26.9315292389497,19906706689.7582,980.668312111718,4.95210484607125,8.89950732263754,1.053,55.238,12.62689972
TGO,Togo,Lome,Sub-Saharan Africa ,Lower middle income,6.1228,1.2255,8406558,151.201507630079,56790,43.8148491605996,10643440332.2445,1266.08777721447,6.52651376797853,2.86262074089801,1.948,62.935,39.48320007
THA,Thailand,Bangkok,East Asia & Pacific,Upper middle income,13.7308,100.521,71668011,140.348088629646,513115.021,61.8689338391321,529385520941.539,7386.63615126055,2.94859986593323,0.398333333333422,0.781,76.564,90.86718789
TJK,Tajikistan,Dushanbe,Europe & Central Asia,Lower middle income,38.5878,68.7864,10590927,74.8598530153469,141379,26.1788063651548,14425113699.7925,1362.02559981695,8.39999980983981,,7.041,71.927,55.79339981
TKM,Turkmenistan,Ashgabat,Europe & Central Asia,Upper middle income,37.9509,58.3794,7494498,15.6713510522844,491209,47.0875253910294,44249447717.2312,5904.25772576512,6.28235647996578,,4.02,70.201,
TLS,Timor-Leste,Dili,East Asia & Pacific,Lower middle income,-8.56667,125.567,1400638,93.0925353059852,14870,28.6641074179574,1865608515.41321,1331.9705130185,-9.10069289810397,2.06284153005468,1.523,67.904,35.04199982
TON,Tonga,Nuku'alofa,East Asia & Pacific,Upper middle income,-21.136,-175.216,104175,145.273611111111,750,21.1505271125521,647488243.847291,6215.38990974121,1.71653807667747,3.18188924237472,1.965,73.07,67.4417038
TTO,Trinidad and Tobago,Port-of-Spain,Latin America & Caribbean ,High income,10.6596,-61.4789,1368333,266.571150097466,5130,53.961056681951,25633544529.4849,18733.4110406494,2.50920813979569,0.526884625776839,3.318,73.617,82.15989685
TUN,Tunisia,Tunis,"Middle East, North Africa, Afghanistan & Pakistan",Lower middle income,36.7899,10.21,12277109,78.530065653965,163610,70.3585355691955,51412122479.8468,4187.64079392362,1.61444564976986,7.20661657168794,15.341,76.711,76.5
TUR,Turkiye,Ankara,Europe & Central Asia,Upper middle income,39.7153,32.3606,85518661,110.866214934449,785350,89.3443122873887,1359123768774.12,15892.7157287241,3.3276230893799,58.5064507300342,8.8,77.421,87.3078767
TUV,Tuvalu,Funafuti,East Asia & Pacific,Upper middle income,-8.6314877,179.089567,9646,327.2,30,64.7254793441291,56752265.8012166,5883.50257114002,3.38983050847457,,,67.259,
TZA,Tanzania,Dodoma,Sub-Saharan Africa ,Lower middle income,-6.17486,35.7382,68560157,75.2061481146986,947300,36.1684458862992,79235713444.9777,1192.60668945313,5.5263138305945,3.05694676312373,1.557,67.212,31.16209984
UGA,Uganda,Kampala,Sub-Saharan Africa ,Low income,0.314269,32.5729,50015092,242.65210951526,241550,31.2777698213557,53911907079.0485,1077.91278438613,6.05558075875589,3.32338033691819,2.74,68.487,8.949831061
UKR,Ukraine,Kiev,Europe & Central Asia,Upper middle income,50.4536,30.5038,37860221,65.1239834311357,603550,69.5315643200148,190833835445.1,5391.62255859375,3.24811808426423,6.50198464669254,9.834,74.692,82.47489929
URY,Uruguay,Montevideo,Latin America & Caribbean ,High income,-34.8941,-56.0675,3386588,19.3582504856588,176220,95.5981951588181,82322859144.2816,24308.4954958447,3.32575905957381,4.84914366613156,8.209,78.287,91.99109007
USA,United States,Washington D.C.,North America,High income,38.8895,-77.032,340003797,36.8142112202129,9831510,80.1247798047184,29298013000000,86169.6641581917,2.79318715363841,2.94952520485207,4.022,78.890243902439,94.69380188
UZB,Uzbekistan,Tashkent,Europe & Central Asia,Lower middle income,41.3052,69.269,36361859,80.9084466129581,448920,50.9986686706543,121356065241.228,3337.45492058664,6.67618796188361,9.62825465956682,4.439,72.528,89.50550079
VCT,St. Vincent and the Grenadines,Kingstown,Latin America & Caribbean ,Upper middle income,13.2035,-61.2653,100616,259.802564102564,390,47.8487050456749,1157207407.40741,11501.2265187188,4.06183490050209,3.62770736940927,18.093,71.382,76.19010162
VEN,"Venezuela, RB",Caracas,Latin America & Caribbean ,Lower middle income,9.08165,-69.8371,28405543,32.0853171588912,912050,89.285859883201,120566112397.063,4244.45723136019,5.52486187845305,,5.321,72.673,76.67890167
VGB,British Virgin Islands,Road Town,Latin America & Caribbean ,High income,18.431389,-64.623056,39471,259.9,150,56.5072068980827,,,,,,77.431,
VIR,Virgin Islands (U.S.),Charlotte Amalie,Latin America & Caribbean ,High income,18.3358,-64.8963,104377,299.762857142857,350,95.3312197036061,4672000000,44320.909185774,-1.31123206333498,,11.423,80.7707317073171,
VNM,Viet Nam,Hanoi,East Asia & Pacific,Upper middle income,21.0069,105.825,100987686,320.175197572656,331338.31,38.4900703430176,476324572783.807,4716.6599379632,7.03955197123018,3.62109273885844,1.602,74.736,84.15
VUT,Vanuatu,Port-Vila,East Asia & Pacific,Lower middle income,-17.7404,168.321,327777,26.2845775225595,12190,22.2866933360645,1297956614.77783,3959.87703462363,3.76564827114278,1.14348948727412,4.988,71.654,
WSM,Samoa,Apia,East Asia & Pacific,Upper middle income,-13.8314,-171.752,218019,77.9363309352518,2840,17.5029115108018,1175749785.65113,5392.87761915762,4.7483863916535,2.17245530514377,4.855,71.826,
XKX,Kosovo,Pristina,Europe & Central Asia,Upper middle income,42.565,20.926,1594353,,,50.3214443938994,11203038332.3359,7026.6988128325,4.5730971681166,1.61944994559476,,78.222,89.4430319734879
YEM,"Yemen, Rep.",Sana'a,"Middle East, North Africa, Afghanistan & Pakistan",Low income,15.352,44.2075,40583164,74.6080250771824,527970,36.8077517596594,21606160663.0318,633.887202451545,0.752447592962554,,16.97,69.439,17.49099922
ZAF,South Africa,Pretoria,Sub-Saharan Africa ,Upper middle income,-25.746,28.1871,64007187,52.1085690262058,1219090,63.6917984858172,401144998373.585,6267.186814093,0.534843531905139,4.36115246518962,32.279,66.312,78.35759735
ZMB,Zambia,Lusaka,Sub-Saharan Africa ,Lower middle income,-15.3982,28.2937,21314956,27.8776483407095,752610,45.4703838491279,25303185342.2511,1187.10943350064,3.82004825518591,14.9856262747939,5.898,66.528,17.10099983
ZWE,Zimbabwe,Harare,Sub-Saharan Africa ,Lower middle income,-17.8312,31.0672,16634373,42.24071862479,390760,39.8933716820696,41521975830.2351,2496.15514995576,1.67649454921512,104.705170628667,9.435,63.064,41.64279938