iso3,official_name,currency_name,currency_code,currency_symbol,currencies,languages
ABW,Aruba,Aruban florin,AWG,ƒ,Aruban florin (AWG),"Dutch, Papiamento"
AFG,Islamic Republic of Afghanistan,Afghan afghani,AFN,؋,Afghan afghani (AFN),"Dari, Pashto, Turkmen"
AGO,Republic of Angola,Angolan kwanza,AOA,Kz,Angolan kwanza (AOA),Portuguese
ALB,Republic of Albania,Albanian lek,ALL,L,Albanian lek (ALL),Albanian
AND,Principality of Andorra,Euro,EUR,€,Euro (EUR),Catalan
ARE,United Arab Emirates,United Arab Emirates dirham,AED,د.إ,United Arab Emirates dirham (AED),Arabic
ARG,Argentine Republic,Argentine peso,ARS,$,Argentine peso (ARS),"Guaraní, Spanish"
ARM,Republic of Armenia,Armenian dram,AMD,֏,Armenian dram (AMD),Armenian
ASM,American Samoa,United States dollar,USD,$,United States dollar (USD),"English, Samoan"
ATG,Antigua and Barbuda,Eastern Caribbean dollar,XCD,$,Eastern Caribbean dollar (XCD),English
AUS,Commonwealth of Australia,Australian dollar,AUD,$,Australian dollar (AUD),English
AUT,Republic of Austria,Euro,EUR,€,Euro (EUR),German
AZE,Republic of Azerbaijan,Azerbaijani manat,AZN,₼,Azerbaijani manat (AZN),"Azerbaijani, Russian"
BDI,Republic of Burundi,Burundian franc,BIF,Fr,Burundian franc (BIF),"French, Kirundi"
BEL,Kingdom of Belgium,Euro,EUR,€,Euro (EUR),"German, French, Dutch"
BEN,Republic of Benin,West African CFA franc,XOF,Fr,West African CFA franc (XOF),French
BFA,Burkina Faso,West African CFA franc,XOF,Fr,West African CFA franc (XOF),French
BGD,People's Republic of Bangladesh,Bangladeshi taka,BDT,৳,Bangladeshi taka (BDT),Bengali
BGR,Republic of Bulgaria,Bulgarian lev,BGN,лв,Bulgarian lev (BGN),Bulgarian
BHR,Kingdom of Bahrain,Bahraini dinar,BHD,.د.ب,Bahraini dinar (BHD),Arabic
BHS,Commonwealth of the Bahamas,Bahamian dollar,BSD,$,"Bahamian dollar (BSD), United States dollar (USD)",English
BIH,Bosnia and Herzegovina,Bosnia and Herzegovina convertible mark,BAM,KM,Bosnia and Herzegovina convertible mark (BAM),"Bosnian, Croatian, Serbian"
BLR,Republic of Belarus,Belarusian ruble,BYN,Br,Belarusian ruble (BYN),"Belarusian, Russian"
BLZ,Belize,Belize dollar,BZD,$,Belize dollar (BZD),"Belizean Creole, English, Spanish"
BMU,Bermuda,Bermudian dollar,BMD,$,Bermudian dollar (BMD),English
BOL,Plurinational State of Bolivia,Bolivian boliviano,BOB,Bs.,Bolivian boliviano (BOB),"Aymara, Guaraní, Quechua, Spanish"
BRA,Federative Republic of Brazil,Brazilian real,BRL,R$,Brazilian real (BRL),Portuguese
BRB,Barbados,Barbadian dollar,BBD,$,Barbadian dollar (BBD),English
BRN,"Nation of Brunei, Abode of Peace",Brunei dollar,BND,$,"Brunei dollar (BND), Singapore dollar (SGD)",Malay
BTN,Kingdom of Bhutan,Bhutanese ngultrum,BTN,Nu.,"Bhutanese ngultrum (BTN), Indian rupee (INR)",Dzongkha
BWA,Republic of Botswana,Botswana pula,BWP,P,Botswana pula (BWP),"English, Tswana"
CAF,Central African Republic,Central African CFA franc,XAF,Fr,Central African CFA franc (XAF),"French, Sango"
CAN,Canada,Canadian dollar,CAD,$,Canadian dollar (CAD),"English, French"
CHE,Swiss Confederation,Swiss franc,CHF,Fr.,Swiss franc (CHF),"French, Swiss German, Italian, Romansh"
CHI,Bailiwicks of Jersey and Guernsey,Pound sterling,GBP,£,Pound sterling (GBP),"English, French"
CHL,Republic of Chile,Chilean peso,CLP,$,Chilean peso (CLP),Spanish
CHN,People's Republic of China,Chinese yuan,CNY,¥,Chinese yuan (CNY),Chinese
CIV,Republic of Côte d'Ivoire,West African CFA franc,XOF,Fr,West African CFA franc (XOF),French
CMR,Republic of Cameroon,Central African CFA franc,XAF,Fr,Central African CFA franc (XAF),"English, French"
COD,Democratic Republic of the Congo,Congolese franc,CDF,FC,Congolese franc (CDF),"French, Kikongo, Lingala, Tshiluba, Swahili"
COG,Republic of the Congo,Central African CFA franc,XAF,Fr,Central African CFA franc (XAF),"French, Kikongo, Lingala"
COL,Republic of Colombia,Colombian peso,COP,$,Colombian peso (COP),Spanish
COM,Union of the Comoros,Comorian franc,KMF,Fr,Comorian franc (KMF),"Arabic, French, Comorian"
CPV,Republic of Cabo Verde,Cape Verdean escudo,CVE,Esc,Cape Verdean escudo (CVE),Portuguese
CRI,Republic of Costa Rica,Costa Rican colón,CRC,₡,Costa Rican colón (CRC),Spanish
CUB,Republic of Cuba,Cuban peso,CUP,$,"Cuban convertible peso (CUC), Cuban peso (CUP)",Spanish
CUW,Country of Curaçao,Netherlands Antillean guilder,ANG,ƒ,Netherlands Antillean guilder (ANG),"English, Dutch, Papiamento"
CYM,Cayman Islands,Cayman Islands dollar,KYD,$,Cayman Islands dollar (KYD),English
CYP,Republic of Cyprus,Euro,EUR,€,Euro (EUR),"Greek, Turkish"
CZE,Czech Republic,Czech koruna,CZK,Kč,Czech koruna (CZK),"Czech, Slovak"
DEU,Federal Republic of Germany,Euro,EUR,€,Euro (EUR),German
DJI,Republic of Djibouti,Djiboutian franc,DJF,Fr,Djiboutian franc (DJF),"Arabic, French"
DMA,Commonwealth of Dominica,Eastern Caribbean dollar,XCD,$,Eastern Caribbean dollar (XCD),English
DNK,Kingdom of Denmark,Danish krone,DKK,kr,Danish krone (DKK),Danish
DOM,Dominican Republic,Dominican peso,DOP,$,Dominican peso (DOP),Spanish
DZA,People's Democratic Republic of Algeria,Algerian dinar,DZD,د.ج,Algerian dinar (DZD),Arabic
ECU,Republic of Ecuador,United States dollar,USD,$,United States dollar (USD),Spanish
EGY,Arab Republic of Egypt,Egyptian pound,EGP,£,Egyptian pound (EGP),Arabic
ERI,State of Eritrea,Eritrean nakfa,ERN,Nfk,Eritrean nakfa (ERN),"Arabic, English, Tigrinya"
ESP,Kingdom of Spain,Euro,EUR,€,Euro (EUR),Spanish
EST,Republic of Estonia,Euro,EUR,€,Euro (EUR),Estonian
ETH,Federal Democratic Republic of Ethiopia,Ethiopian birr,ETB,Br,Ethiopian birr (ETB),Amharic
FIN,Republic of Finland,Euro,EUR,€,Euro (EUR),"Finnish, Swedish"
FJI,Republic of Fiji,Fijian dollar,FJD,$,Fijian dollar (FJD),"English, Fijian, Fiji Hindi"
FRA,French Republic,Euro,EUR,€,Euro (EUR),French
FRO,Faroe Islands,Danish krone,DKK,kr,"Danish krone (DKK), Faroese króna (FOK)","Danish, Faroese"
FSM,Federated States of Micronesia,United States dollar,USD,$,United States dollar (USD),English
GAB,Gabonese Republic,Central African CFA franc,XAF,Fr,Central African CFA franc (XAF),French
GBR,United Kingdom of Great Britain and Northern Ireland,British pound,GBP,£,British pound (GBP),English
GEO,Georgia,Georgian lari,GEL,₾,Georgian lari (GEL),Georgian
GHA,Republic of Ghana,Ghanaian cedi,GHS,₵,Ghanaian cedi (GHS),English
GIB,Gibraltar,Gibraltar pound,GIP,£,Gibraltar pound (GIP),English
GIN,Republic of Guinea,Guinean franc,GNF,Fr,Guinean franc (GNF),French
GMB,Republic of the Gambia,Gambian dalasi,GMD,D,Gambian dalasi (GMD),English
GNB,Republic of Guinea-Bissau,West African CFA franc,XOF,Fr,West African CFA franc (XOF),"Portuguese, Upper Guinea Creole"
GNQ,Republic of Equatorial Guinea,Central African CFA franc,XAF,Fr,Central African CFA franc (XAF),"French, Portuguese, Spanish"
GRC,Hellenic Republic,Euro,EUR,€,Euro (EUR),Greek
GRD,Grenada,Eastern Caribbean dollar,XCD,$,Eastern Caribbean dollar (XCD),English
GRL,Greenland,Danish krone,DKK,kr.,Danish krone (DKK),"Greenlandic, Danish"
GTM,Republic of Guatemala,Guatemalan quetzal,GTQ,Q,Guatemalan quetzal (GTQ),Spanish
GUM,Guam,United States dollar,USD,$,United States dollar (USD),"Chamorro, English, Spanish"
GUY,Co-operative Republic of Guyana,Guyanese dollar,GYD,$,Guyanese dollar (GYD),English
HKG,Hong Kong Special Administrative Region of the People's Republic of China,Hong Kong dollar,HKD,$,Hong Kong dollar (HKD),"English, Chinese"
HND,Republic of Honduras,Honduran lempira,HNL,L,Honduran lempira (HNL),Spanish
HRV,Republic of Croatia,Euro,EUR,€,Euro (EUR),Croatian
HTI,Republic of Haiti,Haitian gourde,HTG,G,Haitian gourde (HTG),"French, Haitian Creole"
HUN,Hungary,Hungarian forint,HUF,Ft,Hungarian forint (HUF),Hungarian
IDN,Republic of Indonesia,Indonesian rupiah,IDR,Rp,Indonesian rupiah (IDR),Indonesian
IMN,Isle of Man,British pound,GBP,£,"British pound (GBP), Manx pound (IMP)","English, Manx"
IND,Republic of India,Indian rupee,INR,₹,Indian rupee (INR),"English, Hindi, Tamil"
IRL,Republic of Ireland,Euro,EUR,€,Euro (EUR),"English, Irish"
IRN,Islamic Republic of Iran,Iranian rial,IRR,﷼,Iranian rial (IRR),Persian (Farsi)
IRQ,Republic of Iraq,Iraqi dinar,IQD,ع.د,Iraqi dinar (IQD),"Arabic, Aramaic, Sorani"
ISL,Iceland,Icelandic króna,ISK,kr,Icelandic króna (ISK),Icelandic
ISR,State of Israel,Israeli new shekel,ILS,₪,Israeli new shekel (ILS),"Arabic, Hebrew"
ITA,Italian Republic,Euro,EUR,€,Euro (EUR),Italian
JAM,Jamaica,Jamaican dollar,JMD,$,Jamaican dollar (JMD),"English, Jamaican Patois"
JOR,Hashemite Kingdom of Jordan,Jordanian dinar,JOD,د.ا,Jordanian dinar (JOD),Arabic
JPN,Japan,Japanese yen,JPY,¥,Japanese yen (JPY),Japanese
KAZ,Republic of Kazakhstan,Kazakhstani tenge,KZT,₸,Kazakhstani tenge (KZT),"Kazakh, Russian"
KEN,Republic of Kenya,Kenyan shilling,KES,Sh,Kenyan shilling (KES),"English, Swahili"
KGZ,Kyrgyz Republic,Kyrgyzstani som,KGS,с,Kyrgyzstani som (KGS),"Kyrgyz, Russian"
KHM,Kingdom of Cambodia,Cambodian riel,KHR,៛,"Cambodian riel (KHR), United States dollar (USD)",Khmer
KIR,Independent and Sovereign Republic of Kiribati,Australian dollar,AUD,$,"Australian dollar (AUD), Kiribati dollar (KID)","English, Gilbertese"
KNA,Federation of Saint Christopher and Nevis,Eastern Caribbean dollar,XCD,$,Eastern Caribbean dollar (XCD),English
KOR,Republic of Korea,South Korean won,KRW,₩,South Korean won (KRW),Korean
KWT,State of Kuwait,Kuwaiti dinar,KWD,د.ك,Kuwaiti dinar (KWD),Arabic
LAO,Lao People's Democratic Republic,Lao kip,LAK,₭,Lao kip (LAK),Lao
LBN,Lebanese Republic,Lebanese pound,LBP,ل.ل,Lebanese pound (LBP),"Arabic, French"
LBR,Republic of Liberia,Liberian dollar,LRD,$,Liberian dollar (LRD),English
LBY,State of Libya,Libyan dinar,LYD,ل.د,Libyan dinar (LYD),Arabic
LCA,Saint Lucia,Eastern Caribbean dollar,XCD,$,Eastern Caribbean dollar (XCD),English
LIE,Principality of Liechtenstein,Swiss franc,CHF,Fr,Swiss franc (CHF),German
LKA,Democratic Socialist Republic of Sri Lanka,Sri Lankan rupee,LKR,Rs  රු,Sri Lankan rupee (LKR),"Sinhala, Tamil"
LSO,Kingdom of Lesotho,Lesotho loti,LSL,L,"Lesotho loti (LSL), South African rand (ZAR)","English, Sotho"
LTU,Republic of Lithuania,Euro,EUR,€,Euro (EUR),Lithuanian
LUX,Grand Duchy of Luxembourg,Euro,EUR,€,Euro (EUR),"German, French, Luxembourgish"
LVA,Republic of Latvia,Euro,EUR,€,Euro (EUR),Latvian
MAC,Macao Special Administrative Region of the People's Republic of China,Macanese pataca,MOP,P,Macanese pataca (MOP),"Portuguese, Chinese"
MAF,Saint Martin,Euro,EUR,€,Euro (EUR),French
MAR,Kingdom of Morocco,Moroccan dirham,MAD,د.م.,Moroccan dirham (MAD),"Arabic, Berber"
MCO,Principality of Monaco,Euro,EUR,€,Euro (EUR),French
MDA,Republic of Moldova,Moldovan leu,MDL,L,Moldovan leu (MDL),Romanian
MDG,Republic of Madagascar,Malagasy ariary,MGA,Ar,Malagasy ariary (MGA),"French, Malagasy"
MDV,Republic of the Maldives,Maldivian rufiyaa,MVR,.ރ,Maldivian rufiyaa (MVR),Maldivian
MEX,United Mexican States,Mexican peso,MXN,$,Mexican peso (MXN),Spanish
MHL,Republic of the Marshall Islands,United States dollar,USD,$,United States dollar (USD),"English, Marshallese"
MKD,Republic of North Macedonia,Macedonian denar,MKD,den,Macedonian denar (MKD),Macedonian
MLI,Republic of Mali,West African CFA franc,XOF,Fr,West African CFA franc (XOF),French
MLT,Republic of Malta,Euro,EUR,€,Euro (EUR),"English, Maltese"
MMR,Republic of the Union of Myanmar,Burmese kyat,MMK,Ks,Burmese kyat (MMK),Burmese
MNE,Montenegro,Euro,EUR,€,Euro (EUR),Montenegrin
MNG,Mongolia,Mongolian tögrög,MNT,₮,Mongolian tögrög (MNT),Mongolian
MNP,Commonwealth of the Northern Mariana Islands,United States dollar,USD,$,United States dollar (USD),"Carolinian, Chamorro, English"
MOZ,Republic of Mozambique,Mozambican metical,MZN,MT,Mozambican metical (MZN),Portuguese
MRT,Islamic Republic of Mauritania,Mauritanian ouguiya,MRU,UM,Mauritanian ouguiya (MRU),Arabic
MUS,Republic of Mauritius,Mauritian rupee,MUR,₨,Mauritian rupee (MUR),"English, French, Mauritian Creole"
MWI,Republic of Malawi,Malawian kwacha,MWK,MK,Malawian kwacha (MWK),"English, Chewa"
MYS,Malaysia,Malaysian ringgit,MYR,RM,Malaysian ringgit (MYR),"English, Malay"
NAM,Republic of Namibia,Namibian dollar,NAD,$,"Namibian dollar (NAD), South African rand (ZAR)","Afrikaans, German, English, Herero, Khoekhoe, Kwangali, Lozi, Ndonga, Tswana"
NCL,New Caledonia,CFP franc,XPF,₣,CFP franc (XPF),French
NER,Republic of Niger,West African CFA franc,XOF,Fr,West African CFA franc (XOF),French
NGA,Federal Republic of Nigeria,Nigerian naira,NGN,₦,Nigerian naira (NGN),English
NIC,Republic of Nicaragua,Nicaraguan córdoba,NIO,C$,Nicaraguan córdoba (NIO),Spanish
NLD,Kingdom of the Netherlands,Euro,EUR,€,Euro (EUR),Dutch
NOR,Kingdom of Norway,Norwegian krone,NOK,kr,Norwegian krone (NOK),"Norwegian Nynorsk, Norwegian Bokmål, Sami"
NPL,Federal Democratic Republic of Nepal,Nepalese rupee,NPR,₨,Nepalese rupee (NPR),Nepali
NRU,Republic of Nauru,Australian dollar,AUD,$,Australian dollar (AUD),"English, Nauru"
NZL,New Zealand,New Zealand dollar,NZD,$,New Zealand dollar (NZD),"English, Māori, New Zealand Sign Language"
OMN,Sultanate of Oman,Omani rial,OMR,ر.ع.,Omani rial (OMR),Arabic
PAK,Islamic Republic of Pakistan,Pakistani rupee,PKR,₨,Pakistani rupee (PKR),"English, Urdu"
PAN,Republic of Panama,Panamanian balboa,PAB,B/.,"Panamanian balboa (PAB), United States dollar (USD)",Spanish
PER,Republic of Peru,Peruvian sol,PEN,S/.,Peruvian sol (PEN),"Aymara, Quechua, Spanish"
PHL,Republic of the Philippines,Philippine peso,PHP,₱,Philippine peso (PHP),"English, Filipino"
PLW,Republic of Palau,United States dollar,USD,$,United States dollar (USD),"English, Palauan"
PNG,Independent State of Papua New Guinea,Papua New Guinean kina,PGK,K,Papua New Guinean kina (PGK),"English, Hiri Motu, Tok Pisin"
POL,Republic of Poland,Polish złoty,PLN,zł,Polish złoty (PLN),Polish
PRI,Commonwealth of Puerto Rico,United States dollar,USD,$,United States dollar (USD),"English, Spanish"
PRK,Democratic People's Republic of Korea,North Korean won,KPW,₩,North Korean won (KPW),Korean
PRT,Portuguese Republic,Euro,EUR,€,Euro (EUR),Portuguese
PRY,Republic of Paraguay,Paraguayan guaraní,PYG,₲,Paraguayan guaraní (PYG),"Guaraní, Spanish"
PSE,State of Palestine,Israeli new shekel,ILS,₪,"Egyptian pound (EGP), Israeli new shekel (ILS), Jordanian dinar (JOD)",Arabic
PYF,French Polynesia,CFP franc,XPF,₣,CFP franc (XPF),French
QAT,State of Qatar,Qatari riyal,QAR,ر.ق,Qatari riyal (QAR),Arabic
ROU,Romania,Romanian leu,RON,lei,Romanian leu (RON),Romanian
RUS,Russian Federation,Russian ruble,RUB,₽,Russian ruble (RUB),Russian
RWA,Republic of Rwanda,Rwandan franc,RWF,Fr,Rwandan franc (RWF),"English, French, Kinyarwanda"
SAU,Kingdom of Saudi Arabia,Saudi riyal,SAR,ر.س,Saudi riyal (SAR),Arabic
SDN,Republic of the Sudan,Sudanese pound,SDG,PT,Sudanese pound (SDG),"Arabic, English"
SEN,Republic of Senegal,West African CFA franc,XOF,Fr,West African CFA franc (XOF),French
SGP,Republic of Singapore,Singapore dollar,SGD,$,Singapore dollar (SGD),"English, Malay, Tamil, Chinese"
SLB,Solomon Islands,Solomon Islands dollar,SBD,$,Solomon Islands dollar (SBD),English
SLE,Republic of Sierra Leone,Sierra Leonean leone,SLL,Le,Sierra Leonean leone (SLL),English
SLV,Republic of El Salvador,United States dollar,USD,$,United States dollar (USD),Spanish
SMR,Most Serene Republic of San Marino,Euro,EUR,€,Euro (EUR),Italian
SOM,Federal Republic of Somalia,Somali shilling,SOS,Sh,Somali shilling (SOS),"Arabic, Somali"
SRB,Republic of Serbia,Serbian dinar,RSD,дин.,Serbian dinar (RSD),Serbian
SSD,Republic of South Sudan,South Sudanese pound,SSP,£,South Sudanese pound (SSP),English
STP,Democratic Republic of São Tomé and Príncipe,São Tomé and Príncipe dobra,STN,Db,São Tomé and Príncipe dobra (STN),Portuguese
SUR,Republic of Suriname,Surinamese dollar,SRD,$,Surinamese dollar (SRD),Dutch
SVK,Slovak Republic,Euro,EUR,€,Euro (EUR),Slovak
SVN,Republic of Slovenia,Euro,EUR,€,Euro (EUR),Slovene
SWE,Kingdom of Sweden,Swedish krona,SEK,kr,Swedish krona (SEK),Swedish
SWZ,Kingdom of Eswatini,Swazi lilangeni,SZL,L,"Swazi lilangeni (SZL), South African rand (ZAR)","English, Swazi"
SXM,Sint Maarten,Netherlands Antillean guilder,ANG,ƒ,Netherlands Antillean guilder (ANG),"English, French, Dutch"
SYC,Republic of Seychelles,Seychellois rupee,SCR,₨,Seychellois rupee (SCR),"Seychellois Creole, English, French"
SYR,Syrian Arab Republic,Syrian pound,SYP,£,Syrian pound (SYP),Arabic
TCA,Turks and Caicos Islands,United States dollar,USD,$,United States dollar (USD),English
TCD,Republic of Chad,Central African CFA franc,XAF,Fr,Central African CFA franc (XAF),"Arabic, French"
TGO,Togolese Republic,West African CFA franc,XOF,Fr,West African CFA franc (XOF),French
THA,Kingdom of Thailand,Thai baht,THB,฿,Thai baht (THB),Thai
TJK,Republic of Tajikistan,Tajikistani somoni,TJS,ЅМ,Tajikistani somoni (TJS),"Russian, Tajik"
TKM,Turkmenistan,Turkmenistan manat,TMT,m,Turkmenistan manat (TMT),"Russian, Turkmen"
TLS,Democratic Republic of Timor-Leste,United States dollar,USD,$,United States dollar (USD),"Portuguese, Tetum"
TON,Kingdom of Tonga,Tongan paʻanga,TOP,T$,Tongan paʻanga (TOP),"English, Tongan"
TTO,Republic of Trinidad and Tobago,Trinidad and Tobago dollar,TTD,$,Trinidad and Tobago dollar (TTD),English
TUN,Tunisian Republic,Tunisian dinar,TND,د.ت,Tunisian dinar (TND),Arabic
TUR,Republic of Türkiye,Turkish lira,TRY,₺,Turkish lira (TRY),Turkish
TUV,Tuvalu,Australian dollar,AUD,$,"Australian dollar (AUD), Tuvaluan dollar (TVD)","English, Tuvaluan"
TZA,United Republic of Tanzania,Tanzanian shilling,TZS,Sh,Tanzanian shilling (TZS),"English, Swahili"
UGA,Republic of Uganda,Ugandan shilling,UGX,Sh,Ugandan shilling (UGX),"English, Swahili"
UKR,Ukraine,Ukrainian hryvnia,UAH,₴,Ukrainian hryvnia (UAH),Ukrainian
URY,Oriental Republic of Uruguay,Uruguayan peso,UYU,$,Uruguayan peso (UYU),Spanish
USA,United States of America,United States dollar,USD,$,United States dollar (USD),English
UZB,Republic of Uzbekistan,Uzbekistani soʻm,UZS,so'm,Uzbekistani soʻm (UZS),"Russian, Uzbek"
VCT,Saint Vincent and the Grenadines,Eastern Caribbean dollar,XCD,$,Eastern Caribbean dollar (XCD),English
VEN,Bolivarian Republic of Venezuela,Venezuelan bolívar soberano,VES,Bs.S.,Venezuelan bolívar soberano (VES),Spanish
VGB,Virgin Islands,United States dollar,USD,$,United States dollar (USD),English
VIR,Virgin Islands of the United States,United States dollar,USD,$,United States dollar (USD),English
VNM,Socialist Republic of Vietnam,Vietnamese đồng,VND,₫,Vietnamese đồng (VND),Vietnamese
VUT,Republic of Vanuatu,Vanuatu vatu,VUV,Vt,Vanuatu vatu (VUV),"Bislama, English, French"
WSM,Independent State of Samoa,Samoan tālā,WST,T,Samoan tālā (WST),"English, Samoan"
XKX,Republic of Kosovo,Euro,EUR,€,Euro (EUR),"Albanian, Serbian"
YEM,Republic of Yemen,Yemeni rial,YER,﷼,Yemeni rial (YER),Arabic
ZAF,Republic of South Africa,South African rand,ZAR,R,South African rand (ZAR),"Afrikaans, English, Southern Ndebele, Northern Sotho, Southern Sotho, Swazi, Tswana, Tsonga, Venda, Xhosa, Zulu"
ZMB,Republic of Zambia,Zambian kwacha,ZMW,ZK,Zambian kwacha (ZMW),English
ZWE,Republic of Zimbabwe,Zimbabwe Gold,ZWG,ZiG,"Zimbabwe Gold (ZWG), United States dollar (USD)","Chibarwe, English, Kalanga, Khoisan, Ndau, Northern Ndebele, Chewa, Shona, Sotho, Tonga, Tswana, Tsonga, Venda, Xhosa, Zimbabwean Sign Language"