iso3,minimum_wage_monthly_usd,exchange_rate_used,exchange_rate_year
ABW,,,
AFG,,,
AGO,80.47,869.846189590008,2024
ALB,536.92,93.1233333333333,2024
AND,1488.88,0.924367447270267,2024
ARE,,,
ARG,296.9,914.694883333333,2024
ARM,190.97,392.729551399084,2024
ASM,,,
ATG,577.33,2.7,2024
AUS,2655.11,1.51535803855596,2024
AUT,,,
AZE,202.94,1.7,2024
BDI,1.44,2885.24549799567,2024
BEL,2524.38,0.88496895841236,2025
BEN,85.76,606.345297609063,2024
BFA,74.22,606.345297609063,2024
BGD,108.13,115.603653796648,2024
BGR,357.31,1.73519166666667,2025
BHR,797.87,0.376,2024
BHS,1125.8,1,2024
BIH,346.32,1.80756356165183,2024
BLR,192.84,3.24619166666667,2024
BLZ,519.6,2,2024
BMU,,,
BOL,361.79,6.91,2024
BRA,262.02,5.3889349057096,2024
BRB,736.67,2,2024
BRN,,,
BTN,44.82,83.669281580941,2024
BWA,138.83,13.5631333333333,2024
CAF,57.72,606.345297609063,2024
CAN,2106.09,1.36935976604092,2024
CHE,4784.22,0.880440833333333,2024
CHI,,,
CHL,529.9,943.572167421488,2024
CHN,268.15,7.19749110789917,2024
CIV,123.69,606.345297609063,2024
CMR,72.51,606.345297609063,2024
COD,78.61,2340.03570436145,2023
COG,197.91,606.345297609063,2024
COL,319.06,4074.43416666667,2024
COM,121.01,454.523861252,2024
CPV,147.17,101.922010798199,2024
CRI,696.18,515.109771921403,2024
CUB,,,
CUW,,,
CYM,,,
CYP,1229.42,0.88496895841236,2025
CZE,1023.67,21.882,2025
DEU,2647.55,0.88496895841236,2025
DJI,,,
DMA,577.78,2.7,2024
DNK,,,
DOM,326.53,59.5651333333333,2024
DZA,149.19,134.053241666667,2024
ECU,470,1,2024
EGY,132.45,45.29926,2024
ERI,,,
ESP,1610.23,0.88496895841236,2025
EST,1068.96,0.88496895841236,2025
ETH,24.85,16.8992257595275,2011
FIN,,,
FJI,412.33,2.2683,2024
FRA,2109.68,0.88496895841236,2025
FRO,,,
FSM,,,
GAB,247.38,606.345297609063,2024
GBR,2532.42,0.782414580986262,2024
GEO,7.35,2.72061666666667,2024
GHA,33.25,14.1819416666667,2024
GIB,,,
GIN,,,
GMB,19.21,67.661238258942,2024
GNB,31.38,606.345297609063,2024
GNQ,193.39,606.569750165917,2023
GRC,1212.47,0.88496895841236,2025
GRD,444.44,2.7,2024
GRL,,,
GTM,430.88,7.7585375,2024
GUM,,,
GUY,288.47,208.5,2024
HKG,5.13,7.80383333333334,2024
HND,464.04,24.7992824415521,2024
HRV,1186.48,0.88496895841236,2025
HTI,135.12,131.810991666667,2024
HUN,914.09,353.14,2025
IDN,319.6,15855.4482866711,2024
IMN,,,
IND,55.31,83.669281580941,2024
IRL,2701.79,0.88496895841236,2025
IRN,1263.65,42000,2023
IRQ,269.23,1300,2024
ISL,3087.79,137.958025978154,2024
ISR,1589.32,3.69971964970892,2024
ITA,,,
JAM,415.18,156.439540115298,2024
JOR,366.2,0.71,2024
JPN,1207.18,151.366291302752,2024
KAZ,181.25,468.9625,2024
KEN,118.92,134.822483279332,2024
KGZ,29.08,87.1503126405883,2024
KHM,0.05,4072.39723921642,2024
KIR,178.44,1.51535803855596,2024
KNA,577.78,2.7,2024
KOR,1511.5,1363.375,2024
KWT,244.55,0.306690648597046,2024
LAO,79.34,20167.3313803145,2024
LBN,201.12,89500,2024
LBR,0.48,191.306666666667,2024
LBY,206.94,4.83220833333333,2024
LCA,,,
LIE,,,
LKA,53.43,327.506533333333,2023
LSO,102.63,18.3286575505,2024
LTU,1302.87,0.88496895841236,2025
LUX,3131.18,0.88496895841236,2025
LVA,881.39,0.88496895841236,2025
MAC,,,
MAF,,,
MAR,313.81,9.94235921679198,2024
MCO,12.61,0.923889546117607,2024
MDA,362.53,17.3778474404762,2025
MDG,58.09,4525.42472099152,2024
MDV,370.45,15.386625,2022
MEX,353.31,18.3048583333333,2024
MHL,624,1,2024
MKD,704.55,54.6549666666667,2025
MLI,65.97,606.345297609063,2024
MLT,1123.2,0.88496895841236,2025
MMR,,,
MNE,755.23,0.887144250370588,2025
MNG,194.69,3389.98152022101,2024
MNP,,,
MOZ,148.62,63.905,2024
MRT,81.22,36.935,2022
MUS,323.17,46.414675,2024
MWI,77.51,1161.09436666667,2023
MYS,327.77,4.5764279106858,2024
NAM,,,
NCL,1509.76,110.306338907421,2024
NER,69.27,606.345297609063,2024
NGA,43.95,1478.96519740023,2024
NIC,210.04,36.6243,2024
NLD,2641.9,0.88496895841236,2025
NOR,,,
NPL,129.37,133.726644315443,2024
NRU,,,
NZL,2426.65,1.65230833333333,2024
OMN,845.25,0.3845,2024
PAK,132.82,278.580716167563,2024
PAN,482.18,1,2024
PER,273.15,3.7525,2024
PHL,144.91,57.2906550699734,2024
PLW,883,1,2024
PNG,188.96,3.8527502682192,2024
POL,1278.01,3.76054166666667,2025
PRI,,,
PRK,,,
PRT,1212.47,0.88496895841236,2025
PRY,370.13,7560.24758837744,2024
PSE,,,
PYF,,,
QAT,274.73,3.64,2024
ROU,967.45,4.47053333333333,2025
RUS,207.9,92.5524,2024
RWA,1.97,1318.12835733333,2024
SAU,1066.67,3.75,2024
SDN,0.78,546.75885,2022
SEN,105.84,606.345297609063,2024
SGP,,,
SLB,196.81,8.45483560171654,2024
SLE,37.55,21.3048751103818,2023
SLV,365,1,2024
SMR,1869.8,0.924367447270267,2024
SOM,,,
SRB,838.73,103.9754,2025
SSD,,,
STP,,,
SUR,125.37,33.1805516666667,2024
SVK,1033.93,0.88496895841236,2025
SVN,1674.64,0.88496895841236,2025
SWE,,,
SWZ,32.76,18.3176868310856,2024
SXM,,,
SYC,456.19,14.5296931907518,2024
SYR,5.89,2505.74691085873,2022
TCA,,,
TCD,98.95,606.345297609063,2024
TGO,86.58,606.345297609063,2024
THA,253.96,35.2935380808081,2024
TJK,74.08,10.7994916666667,2024
TKM,,,
TLS,115,1,2024
TON,,,
TTO,525.92,6.75012324870591,2024
TUN,158.17,3.10745,2024
TUR,837.16,39.4548130977983,2025
TUV,,,
TZA,57.74,2597.90041666667,2024
UGA,34.6,3757.2625354215,2024
UKR,207.42,41.6890720433333,2025
URY,553.75,40.2127875,2024
USA,1257,1,2025
UZB,82.99,12652.2868209739,2024
VCT,485.19,2.7,2024
VEN,,,
VGB,,,
VIR,,,
VNM,205.26,24164.8858333333,2024
VUT,479.71,119.165,2024
WSM,302.11,2.75395370512433,2024
XKX,,,
YEM,,,
ZAF,260.62,18.3286575505,2024
ZMB,49.68,26.1664181859876,2024
ZWE,,,